trial,condition,receiver,window_index,window_start_s,frame_count,valid_temporal_pairs,temporal_pair_retention,sequence_gap_count,largest_sequence_gap,usable,spectral_velocity_mean,spectral_velocity_p95,temporal_spread,baseline_distance,rssi_mean,rssi_std,rssi_shift
empty_01,empty,RX01,10,10.0,47,44,0.9565217391304348,2,2,True,0.13927365334458539,0.3812811170575126,0.2143521470527614,0.0069409057727983815,-48.95744680851064,0.2886097865159689,1.042553191489361
empty_01,empty,RX01,11,11.0,46,43,0.9555555555555556,2,2,True,0.13018247053673096,0.3799220032474447,0.2329939024739848,0.005892013787318311,-49.369565217391305,0.48268702850379386,0.6304347826086953
empty_01,empty,RX01,12,12.0,50,49,1.0,0,1,True,0.13482912871202843,0.379909022578761,0.2331967861385838,0.005851165677420421,-49.44,0.4963869458396343,0.5600000000000023
empty_01,empty,RX01,13,13.0,50,49,1.0,0,1,True,0.12658808676569608,0.3817305785273291,0.21233733197728016,0.007567917536122527,-49.54,0.49839743177508444,0.46000000000000085
empty_01,empty,RX01,14,14.0,50,49,1.0,0,1,True,0.10969799249719527,0.3631262952348864,0.1876046156306958,0.008636879948062188,-49.1,0.3,0.8999999999999986
empty_01,empty,RX01,15,15.0,50,49,1.0,0,1,True,0.09550391085602743,0.3814197267353225,0.1745446863017276,0.006614562795042433,-49.48,0.4995998398718719,0.5200000000000031
empty_01,empty,RX01,16,16.0,50,49,1.0,0,1,True,0.09362207624030171,0.3499850954992232,0.1719603716799311,0.005163950331464519,-49.7,0.458257569495584,0.29999999999999716
empty_01,empty,RX01,17,17.0,50,49,1.0,0,1,True,0.093112852705313,0.3688182470250175,0.1898731721813911,0.004548675249645231,-49.42,0.4935585071701226,0.5799999999999983
empty_01,empty,RX01,18,18.0,50,49,1.0,0,1,True,0.09647089326035328,0.37381065391663093,0.18054125014682454,0.003987799572285642,-49.08,0.44,0.9200000000000017
empty_01,empty,RX01,19,19.0,49,48,1.0,0,1,True,0.11230579372475086,0.3727138506978307,0.20917812009776304,0.005177000825063976,-49.12244897959184,0.3278036409022247,0.8775510204081627
empty_01,empty,RX01,20,20.0,49,47,0.9791666666666666,1,2,True,0.09746001709276363,0.378084091662343,0.17595992235786884,0.004043552339990994,-49.95918367346939,0.1978644839761767,0.04081632653061007
empty_01,empty,RX01,21,21.0,49,47,0.9791666666666666,1,2,True,0.11661913566806717,0.3903811441399428,0.19318371679234314,0.004323460308514373,-49.93877551020408,0.5498854524615298,0.06122448979591866
empty_01,empty,RX01,22,22.0,48,46,0.9787234042553191,1,2,True,0.08197849737601093,0.3509404241330302,0.15121063860209935,0.005444833419267369,-49.416666666666664,0.4930066485916347,0.5833333333333357
empty_01,empty,RX01,23,23.0,49,47,0.9791666666666666,1,2,True,0.11973646548283381,0.3883660306874014,0.19468640229948736,0.005291965417755634,-49.46938775510204,0.7028234839886761,0.5306122448979593
empty_01,empty,RX01,24,24.0,49,47,0.9791666666666666,1,2,True,0.08772843698757073,0.3841111007526193,0.15721876032130325,0.012568734556834002,-49.06122448979592,0.2397416351932802,0.9387755102040813
empty_01,empty,RX01,25,25.0,50,49,1.0,0,1,True,0.09912978359016435,0.3787474165932248,0.17261940339389203,0.007746352485360384,-49.82,0.38418745424597095,0.17999999999999972
empty_01,empty,RX01,26,26.0,50,49,1.0,0,1,True,0.13984416139465453,0.389334198886722,0.24931025262185624,0.011456821232013211,-49.7,0.458257569495584,0.29999999999999716
empty_01,empty,RX01,27,27.0,50,49,1.0,0,1,True,0.13000106178964416,0.38377377847893956,0.22227193302964565,0.008743260280153469,-49.44,0.4963869458396343,0.5600000000000023
empty_01,empty,RX01,28,28.0,49,48,1.0,0,1,True,0.08760845451332734,0.3641669982913768,0.15577912494898669,0.00525835709824611,-49.55102040816327,0.4973901064062833,0.4489795918367321
empty_01,empty,RX01,29,29.0,48,45,0.9574468085106383,2,2,True,0.07266360489654769,0.3664999617684657,0.13050312269409298,0.005839321002887206,-49.416666666666664,0.4930066485916347,0.5833333333333357
empty_01,empty,RX01,30,30.0,50,49,1.0,0,1,True,0.13320974242603403,0.3796343111298054,0.21722366840906157,0.0065486439248626654,-49.08,0.2712931993250107,0.9200000000000017
empty_01,empty,RX01,31,31.0,50,49,1.0,0,1,True,0.12944606744371862,0.37815570986952074,0.20744090715668723,0.007893119894123654,-49.42,0.6954135460285483,0.5799999999999983
empty_01,empty,RX01,32,32.0,49,47,0.9791666666666666,1,2,True,0.09607188032499728,0.3730757167040414,0.17979418541461528,0.004760068390953446,-49.61224489795919,0.4872382198495233,0.3877551020408134
empty_01,empty,RX01,33,33.0,49,47,0.9791666666666666,1,2,True,0.07555707438040368,0.35896511204674597,0.15431018670586952,0.006406441586223029,-49.673469387755105,0.46894388951330845,0.32653061224489477
empty_01,empty,RX01,34,34.0,50,49,1.0,0,1,True,0.10882040481041937,0.40591377188127303,0.17718670307057457,0.005563765894699345,-49.36,0.71442284397967,0.6400000000000006
empty_01,empty,RX01,35,35.0,50,49,1.0,0,1,True,0.06908827958087498,0.35550561394537655,0.12640235062001356,0.00502144758896476,-49.64,0.48,0.35999999999999943
empty_01,empty,RX01,36,36.0,49,47,0.9791666666666666,1,2,True,0.11477384856431135,0.37557613907371046,0.19325283005815894,0.004699911258052415,-49.795918367346935,0.40302893179860205,0.20408163265306456
empty_01,empty,RX01,37,37.0,49,47,0.9791666666666666,1,2,True,0.12352888401831544,0.38125134825843404,0.20743746839724375,0.0081316352449451,-49.42857142857143,0.4948716593053935,0.5714285714285694
empty_01,empty,RX01,38,38.0,49,47,0.9791666666666666,1,2,True,0.09508305543044439,0.3753052001610888,0.1606096497987507,0.007453471306309388,-49.142857142857146,0.34992710611188266,0.8571428571428541
empty_01,empty,RX01,39,39.0,50,49,1.0,0,1,True,0.11589415550264205,0.37845593345879563,0.19060915344148754,0.006045018756479185,-49.62,0.48538644398046393,0.38000000000000256
empty_01,empty,RX01,40,40.0,48,45,0.9574468085106383,2,2,True,0.11692703335457551,0.39397580056816006,0.19431467129148086,0.004139805464420738,-49.875,0.33071891388307384,0.125
empty_01,empty,RX01,41,41.0,50,49,1.0,0,1,True,0.06843425741580468,0.3479621935757677,0.12305935933749532,0.00535515366467306,-49.98,0.14,0.020000000000003126
empty_01,empty,RX01,42,42.0,49,47,0.9791666666666666,1,2,True,0.08210735830042946,0.36517945689182374,0.13626333437586813,0.007240597702765827,-49.93877551020408,0.3135161529742289,0.06122448979591866
empty_01,empty,RX01,43,43.0,50,49,1.0,0,1,True,0.14862065697261553,0.38502769558337874,0.2347683127578188,0.006064227934559025,-49.94,0.23748684174075835,0.060000000000002274
empty_01,empty,RX01,44,44.0,50,49,1.0,0,1,True,0.13197044046689918,0.36497427583330383,0.22391875359228652,0.006425287344444702,-49.98,0.14,0.020000000000003126
empty_01,empty,RX01,45,45.0,48,45,0.9574468085106383,2,2,True,0.10362179837753642,0.38845058738230986,0.19680285342389547,0.005137379657831348,-49.979166666666664,0.1428261375083551,0.020833333333335702
empty_01,empty,RX01,46,46.0,49,47,0.9791666666666666,1,2,True,0.10462977922829529,0.36250637783828826,0.19102683768857054,0.006846631109517074,-49.93877551020408,0.23974163519328023,0.06122448979591866
empty_01,empty,RX01,47,47.0,50,49,1.0,0,1,True,0.11038632768397723,0.3665126630037224,0.18727779799709787,0.0037343770247869734,-49.9,0.3,0.10000000000000142
empty_01,empty,RX01,48,48.0,50,49,1.0,0,1,True,0.0897234843269356,0.37417162717468655,0.15516634631012075,0.004649351572779751,-49.96,0.19595917942265423,0.03999999999999915
empty_01,empty,RX01,49,49.0,50,49,1.0,0,1,True,0.09863988573900595,0.37369025168101183,0.1726587555407946,0.0058043983480339815,-49.94,0.23748684174075835,0.060000000000002274
empty_01,empty,RX02,10,10.0,49,47,0.9791666666666666,1,2,True,0.16083298443796556,0.42867564134402936,0.25825605670037965,0.00566028037689554,-53.6530612244898,0.4759960730485959,0.34693877551020336
empty_01,empty,RX02,11,11.0,49,47,0.9791666666666666,1,2,True,0.12631008959074663,0.39645989463231657,0.21688845188564876,0.004249549320438197,-53.755102040816325,0.5162902302315722,0.24489795918367463
empty_01,empty,RX02,12,12.0,49,47,0.9791666666666666,1,2,True,0.1782751184640228,0.3949043670117963,0.26347056168084715,0.005844799828751471,-53.775510204081634,0.4172458836787933,0.22448979591836604
empty_01,empty,RX02,13,13.0,50,49,1.0,0,1,True,0.11578585872467843,0.38955163253276714,0.19224526565789402,0.004102998078121315,-53.84,0.36660605559646725,0.1599999999999966
empty_01,empty,RX02,14,14.0,50,49,1.0,0,1,True,0.11746441519472568,0.3977901053662954,0.195087201155465,0.005556884832904712,-53.78,0.41424630354415964,0.21999999999999886
empty_01,empty,RX02,15,15.0,49,47,0.9791666666666666,1,2,True,0.10190265117550748,0.37547901729214983,0.173069285246361,0.004511341579753084,-53.816326530612244,0.3872176726736791,0.18367346938775597
empty_01,empty,RX02,16,16.0,50,49,1.0,0,1,True,0.11450924485786171,0.37862340804240213,0.19410491895967097,0.004146304358485512,-53.8,0.4,0.20000000000000284
empty_01,empty,RX02,17,17.0,50,49,1.0,0,1,True,0.10205807456282033,0.3920488867168905,0.17980202451391797,0.0034718652852301674,-53.7,0.458257569495584,0.29999999999999716
empty_01,empty,RX02,18,18.0,50,49,1.0,0,1,True,0.11606619950034461,0.38751901530196975,0.19515360268455606,0.005435819367484027,-53.68,0.466476151587624,0.3200000000000003
empty_01,empty,RX02,19,19.0,49,48,1.0,0,1,True,0.08527322080291407,0.3753995651361354,0.14858108619771387,0.006496663263822178,-53.63265306122449,0.482082114735417,0.36734693877551194
empty_01,empty,RX02,20,20.0,50,49,1.0,0,1,True,0.07507986480040355,0.36236077206324785,0.12607836738213513,0.005098615223351049,-53.8,0.4,0.20000000000000284
empty_01,empty,RX02,21,21.0,50,49,1.0,0,1,True,0.1254668696033869,0.3734175362788006,0.20500260295641304,0.005009118874836489,-53.68,0.466476151587624,0.3200000000000003
empty_01,empty,RX02,22,22.0,49,48,1.0,0,1,True,0.1692640342505312,0.395923105667372,0.25998078665850793,0.003420665563850519,-53.795918367346935,0.40302893179860205,0.20408163265306456
empty_01,empty,RX02,23,23.0,50,49,1.0,0,1,True,0.1482787543423386,0.3909469926213866,0.23314577895559663,0.007771045306114784,-53.7,0.458257569495584,0.29999999999999716
empty_01,empty,RX02,24,24.0,50,49,1.0,0,1,True,0.08968299959645178,0.3736664691706094,0.14630408088207858,0.005123962144663644,-53.64,0.52,0.35999999999999943
empty_01,empty,RX02,25,25.0,50,49,1.0,0,1,True,0.10126242175875172,0.4017910792260801,0.1813760312811063,0.003724730266142545,-53.72,0.448998886412873,0.28000000000000114
empty_01,empty,RX02,26,26.0,50,49,1.0,0,1,True,0.21182333935111453,0.42098153556657486,0.28480282423620507,0.008273332512533947,-53.86,0.34698703145794946,0.14000000000000057
empty_01,empty,RX02,27,27.0,49,47,0.9791666666666666,1,2,True,0.1608865119315582,0.3973693586881778,0.2603170231506701,0.006143510664068757,-53.83673469387755,0.42121974368469983,0.16326530612244738
empty_01,empty,RX02,28,28.0,49,47,0.9791666666666666,1,2,True,0.13967729927024447,0.4013616426079604,0.25073912061721737,0.004525156277879223,-53.795918367346935,0.4508310619260107,0.20408163265306456
empty_01,empty,RX02,29,29.0,48,45,0.9574468085106383,2,2,True,0.16620025842303177,0.40478285774402145,0.2403093628127037,0.00466122888782623,-53.708333333333336,0.49826086429589156,0.2916666666666643
empty_01,empty,RX02,30,30.0,50,49,1.0,0,1,True,0.10785257451694825,0.38947914950558465,0.26941469942072094,0.006915217087416258,-53.76,0.4270831300812525,0.240000000000002
empty_01,empty,RX02,31,31.0,50,49,1.0,0,1,True,0.17170434844307075,0.41900081881295903,0.2440943935398825,0.005065381159113156,-53.72,0.448998886412873,0.28000000000000114
empty_01,empty,RX02,32,32.0,49,47,0.9791666666666666,1,2,True,0.0672362829397811,0.15202684908911218,0.09720143114638377,0.00406466306036179,-53.6530612244898,0.4759960730485959,0.34693877551020336
empty_01,empty,RX02,33,33.0,50,49,1.0,0,1,True,0.08878631000437172,0.3866511304486494,0.15292992999050672,0.004752762064432189,-53.68,0.466476151587624,0.3200000000000003
empty_01,empty,RX02,34,34.0,50,49,1.0,0,1,True,0.09204183525216607,0.3957198765988044,0.1583773225184778,0.005652327024002672,-53.62,0.48538644398046393,0.38000000000000256
empty_01,empty,RX02,35,35.0,50,49,1.0,0,1,True,0.11412407403749707,0.37814709078713776,0.18929513598661415,0.004965535597261069,-53.68,0.466476151587624,0.3200000000000003
empty_01,empty,RX02,36,36.0,49,47,0.9791666666666666,1,2,True,0.08119631713779135,0.3660509930219173,0.16002628481450254,0.0051078255722134995,-53.6530612244898,0.4759960730485959,0.34693877551020336
empty_01,empty,RX02,37,37.0,48,45,0.9574468085106383,2,2,True,0.0956711511442263,0.37196481642398715,0.15561786130890365,0.0038844876879751875,-53.729166666666664,0.4443901876604488,0.2708333333333357
empty_01,empty,RX02,38,38.0,50,49,1.0,0,1,True,0.15476789835204532,0.41292699244127207,0.2292386153194626,0.0038548558284960126,-53.66,0.5141984052872977,0.3400000000000034
empty_01,empty,RX02,39,39.0,50,49,1.0,0,1,True,0.17293439544213055,0.39885682152164975,0.25419326686108595,0.006287964906838442,-53.74,0.4386342439892262,0.259999999999998
empty_01,empty,RX02,40,40.0,49,47,0.9791666666666666,1,2,True,0.19533401426837446,0.5129718903549363,0.26614537967010043,0.01010318556980455,-53.857142857142854,1.178030178747903,0.1428571428571459
empty_01,empty,RX02,41,41.0,49,47,0.9791666666666666,1,2,True,0.11918868957013076,0.40091965919333716,0.19663459555342735,0.003812869045483573,-53.6530612244898,0.475996073048596,0.34693877551020336
empty_01,empty,RX02,42,42.0,50,49,1.0,0,1,True,0.0860195921480982,0.3679471045693256,0.13670184629823867,0.004320729938547222,-53.62,0.48538644398046393,0.38000000000000256
empty_01,empty,RX02,43,43.0,50,49,1.0,0,1,True,0.07287197498647825,0.3670335497101084,0.13101043362206033,0.0041101291050514,-53.74,0.4386342439892262,0.259999999999998
empty_01,empty,RX02,44,44.0,50,49,1.0,0,1,True,0.11122579385435505,0.3888617867764988,0.21094955333426077,0.006329521226548213,-53.74,0.4386342439892262,0.259999999999998
empty_01,empty,RX02,45,45.0,49,47,0.9791666666666666,1,2,True,0.11655799095766833,0.3907181525068452,0.24107829553918347,0.008685899954159597,-53.816326530612244,0.3872176726736791,0.18367346938775597
empty_01,empty,RX02,46,46.0,49,47,0.9791666666666666,1,2,True,0.12066191287601984,0.3926224243474042,0.2350170167700007,0.006177657590661727,-53.714285714285715,0.45175395145262565,0.2857142857142847
empty_01,empty,RX02,47,47.0,50,49,1.0,0,1,True,0.12316061556809754,0.38193029157772335,0.19638086524767767,0.004106401818062276,-53.64,0.48,0.35999999999999943
empty_01,empty,RX02,48,48.0,50,49,1.0,0,1,True,0.10321554227705412,0.3954503114196379,0.19631635177871093,0.0052640528907260216,-53.72,0.448998886412873,0.28000000000000114
empty_01,empty,RX02,49,49.0,50,49,1.0,0,1,True,0.08092865965089906,0.370514934861385,0.1594900345327312,0.005558704337072845,-53.72,0.448998886412873,0.28000000000000114
walk_01,walk_cross_link,RX01,10,10.0,50,49,1.0,0,1,True,0.09667127689306944,0.362885418410728,0.1718092573923126,0.006838918664494777,-49.76,0.4270831300812525,0.240000000000002
walk_01,walk_cross_link,RX01,11,11.0,50,49,1.0,0,1,True,0.12471048701505219,0.3739657120774611,0.20779859359804143,0.007780240833060923,-49.92,0.33704599092705434,0.0799999999999983
walk_01,walk_cross_link,RX01,12,12.0,49,48,1.0,0,1,True,0.0922438387763662,0.36452863265430946,0.17144099575295954,0.010172192621579042,-50.142857142857146,1.1952286093343936,0.1428571428571459
walk_01,walk_cross_link,RX01,13,13.0,50,49,1.0,0,1,True,0.1029670172363505,0.40388467416266716,0.1897404472156897,0.07183889913651856,-54.78,1.5784802817900514,4.780000000000001
walk_01,walk_cross_link,RX01,14,14.0,49,47,0.9791666666666666,1,2,True,0.08050265217044988,0.3558257149883673,0.1571118228724222,0.01626213957247088,-51.16326530612245,1.360476188775425,1.1632653061224474
walk_01,walk_cross_link,RX01,15,15.0,49,47,0.9791666666666666,1,2,True,0.06718120116843386,0.2653681773675126,0.12718050794056251,0.00968334114809052,-49.69387755102041,0.46088121594433534,0.3061224489795933
walk_01,walk_cross_link,RX01,16,16.0,50,49,1.0,0,1,True,0.059365332626076225,0.08534351995047715,0.0915532324106274,0.013750336021147808,-49.44,0.4963869458396343,0.5600000000000023
walk_01,walk_cross_link,RX01,17,17.0,50,49,1.0,0,1,True,0.11613165683758002,0.3884049239071759,0.20472947240319034,0.007713300500595097,-49.62,0.48538644398046393,0.38000000000000256
walk_01,walk_cross_link,RX01,18,18.0,50,49,1.0,0,1,True,0.13628587368483855,0.3834451266328035,0.22833259777658438,0.008043392438416393,-49.68,0.466476151587624,0.3200000000000003
walk_01,walk_cross_link,RX01,19,19.0,50,49,1.0,0,1,True,0.057188676743306154,0.10682181806464633,0.09277362963509239,0.008696223572671429,-49.7,0.458257569495584,0.29999999999999716
walk_01,walk_cross_link,RX01,20,20.0,50,49,1.0,0,1,True,0.07185986983882305,0.3515931744314909,0.12406227300831818,0.009149534067368261,-49.52,0.5381449618829485,0.4799999999999969
walk_01,walk_cross_link,RX01,21,21.0,49,47,0.9791666666666666,1,2,True,0.08966473777452505,0.3970158987246293,0.1591044939204825,0.009044082243970882,-49.673469387755105,0.46894388951330845,0.32653061224489477
walk_01,walk_cross_link,RX01,22,22.0,50,49,1.0,0,1,True,0.13454926262876718,0.3768766671950595,0.21981417746207374,0.006740904438895474,-50.04,1.535708305636197,0.03999999999999915
walk_01,walk_cross_link,RX01,23,23.0,50,49,1.0,0,1,True,0.07892028367868004,0.3411272316679716,0.1301690982189247,0.022993525024333158,-53.7,0.7280109889280518,3.700000000000003
walk_01,walk_cross_link,RX01,24,24.0,49,47,0.9791666666666666,1,2,True,0.07585388141709921,0.32455841770835964,0.12383137017658427,0.008937069843913605,-50.30612244897959,0.7341267652491816,0.3061224489795933
walk_01,walk_cross_link,RX01,25,25.0,49,47,0.9791666666666666,1,2,True,0.10597920125654017,0.36463573290344303,0.17765350800385316,0.010503704593752777,-50.0,0.4948716593053935,0.0
walk_01,walk_cross_link,RX01,26,26.0,50,49,1.0,0,1,True,0.07495024557174704,0.35927845839804,0.15130924859857636,0.008762326725348758,-49.64,0.48,0.35999999999999943
walk_01,walk_cross_link,RX01,27,27.0,48,45,0.9574468085106383,2,2,True,0.08400028724997809,0.3809642324749877,0.1568758742768147,0.010670937522268137,-49.541666666666664,0.4982608642958916,0.4583333333333357
walk_01,walk_cross_link,RX01,28,28.0,50,49,1.0,0,1,True,0.09421410722676059,0.3646692682222346,0.17385450031459188,0.008782236085113061,-49.68,0.466476151587624,0.3200000000000003
walk_01,walk_cross_link,RX01,29,29.0,50,49,1.0,0,1,True,0.09801236710438185,0.3666414982631273,0.1706793684751121,0.008657249480637069,-49.98,0.14000000000000004,0.020000000000003126
walk_01,walk_cross_link,RX01,30,30.0,49,47,0.9791666666666666,1,2,True,0.12766973639816276,0.3898576414927739,0.23690827879667004,0.012023447933930623,-49.93877551020408,0.6823776937673669,0.06122448979591866
walk_01,walk_cross_link,RX01,31,31.0,50,49,1.0,0,1,True,0.09101469424154117,0.379335415430704,0.15813992154326356,0.015974150513706032,-50.24,1.4636939570825591,0.240000000000002
walk_01,walk_cross_link,RX01,32,32.0,50,49,1.0,0,1,True,0.08996690079952736,0.3432046382618227,0.17321791926285626,0.05250742627596416,-54.84,1.3169662106523463,4.840000000000003
walk_01,walk_cross_link,RX01,33,33.0,49,48,1.0,0,1,True,0.08150464091875215,0.35736637251333037,0.13308156410183208,0.014494165803378459,-52.816326530612244,1.2400373494663928,2.816326530612244
walk_01,walk_cross_link,RX01,34,34.0,50,49,1.0,0,1,True,0.09880855203620521,0.3620042031856123,0.1829573654597973,0.010732452129190908,-49.36,0.6560487786742689,0.6400000000000006
walk_01,walk_cross_link,RX01,35,35.0,47,44,0.9565217391304348,2,2,True,0.12194239092532672,0.37711693841641614,0.21757704716616594,0.008628026667301225,-49.53191489361702,0.5399394698063626,0.4680851063829792
walk_01,walk_cross_link,RX01,36,36.0,48,46,0.9787234042553191,1,2,True,0.11661325322770141,0.3673333693931594,0.2168424073026306,0.014480504153275325,-49.854166666666664,0.35293904887702954,0.1458333333333357
walk_01,walk_cross_link,RX01,37,37.0,50,48,0.9795918367346939,1,2,True,0.07390709565388552,0.2726339169036587,0.1298984252734578,0.012761962518591158,-49.6,0.4898979485566356,0.3999999999999986
walk_01,walk_cross_link,RX01,38,38.0,49,47,0.9791666666666666,1,2,True,0.08962736377638007,0.3544841551073539,0.14888813451618688,0.011118358388181641,-49.46938775510204,0.49906201063826466,0.5306122448979593
walk_01,walk_cross_link,RX01,39,39.0,49,47,0.9791666666666666,1,2,True,0.080510014400663,0.37084847665060516,0.13201296724027572,0.006668560726766962,-49.46938775510204,0.49906201063826466,0.5306122448979593
walk_01,walk_cross_link,RX01,40,40.0,48,45,0.9574468085106383,2,2,True,0.15069404962405,0.39499685891666586,0.23447223492039537,0.009673057953584814,-49.3125,0.5064685742143008,0.6875
walk_01,walk_cross_link,RX01,41,41.0,48,46,0.9787234042553191,1,3,True,0.10455128039509765,0.38685205771599346,0.1765812892812907,0.012252566361777508,-49.6875,0.46351240544347894,0.3125
walk_01,walk_cross_link,RX01,42,42.0,49,47,0.9791666666666666,1,2,True,0.06943593264334187,0.3537205203535936,0.12938817442670597,0.009190638482175493,-49.69387755102041,0.46088121594433534,0.3061224489795933
walk_01,walk_cross_link,RX01,43,43.0,50,49,1.0,0,1,True,0.07325997687437888,0.3704324060975614,0.12924561744358354,0.009887574763377266,-49.8,0.7211102550927979,0.20000000000000284
walk_01,walk_cross_link,RX01,44,44.0,50,49,1.0,0,1,True,0.0999473327048796,0.38429411077259595,0.17308397952008625,0.016338085705935264,-51.76,2.1406541056415445,1.759999999999998
walk_01,walk_cross_link,RX01,45,45.0,49,48,1.0,0,1,True,0.10459054604933478,0.39796132857061456,0.16762574346813336,0.0664351310842129,-54.12244897959184,0.6890588986177197,4.122448979591837
walk_01,walk_cross_link,RX01,46,46.0,47,44,0.9565217391304348,2,3,True,0.07506184193135496,0.3563045387405249,0.12780170683890696,0.007740632570116132,-50.61702127659574,1.5375192991608229,0.617021276595743
walk_01,walk_cross_link,RX01,47,47.0,48,44,0.9361702127659575,3,2,True,0.1676591074860135,0.3911058515239739,0.24215509791298329,0.009466652271064883,-49.583333333333336,0.5335936864527374,0.4166666666666643
walk_01,walk_cross_link,RX01,48,48.0,46,43,0.9555555555555556,2,4,True,0.09419577764108603,0.3740286267345364,0.16037750204435597,0.010503775365318787,-49.630434782608695,0.48268702850379386,0.36956521739130466
walk_01,walk_cross_link,RX01,49,49.0,48,46,0.9787234042553191,1,2,True,0.10583044255884456,0.3720289697865808,0.17814991481657594,0.013783281992710004,-49.8125,0.3903123748998999,0.1875
walk_01,walk_cross_link,RX02,10,10.0,50,49,1.0,0,1,True,0.06965778441659519,0.36975038255098164,0.12247853063855159,0.011453810405781828,-53.7,0.5,0.29999999999999716
walk_01,walk_cross_link,RX02,11,11.0,50,49,1.0,0,1,True,0.143456944479143,0.39887734118327517,0.2259815868671008,0.009473413055367256,-53.96,0.6311893535223799,0.03999999999999915
walk_01,walk_cross_link,RX02,12,12.0,49,47,0.9791666666666666,1,2,True,0.09467720443943241,0.38655438573609724,0.15762874041135116,0.006491687811562527,-54.0,0.6700593942604899,0.0
walk_01,walk_cross_link,RX02,13,13.0,50,49,1.0,0,1,True,0.15627838103099076,0.4243329714877622,0.23360962014677128,0.007363017341440762,-54.08,0.6881860213634101,0.0799999999999983
walk_01,walk_cross_link,RX02,14,14.0,48,45,0.9574468085106383,2,2,True,0.14113433546460938,0.4835422182301152,0.243580426100165,0.017635873932510465,-54.083333333333336,0.9537935951882998,0.0833333333333357
walk_01,walk_cross_link,RX02,15,15.0,49,47,0.9791666666666666,1,2,True,0.08998853985244423,0.3644625865891999,0.15525922023054586,0.020682326198757064,-57.3469387755102,1.868656839552587,3.3469387755102034
walk_01,walk_cross_link,RX02,16,16.0,49,47,0.9791666666666666,1,2,True,0.0732012615164767,0.3593399461109588,0.12805032231778882,0.016728933758064553,-57.63265306122449,1.0438132124526058,3.632653061224488
walk_01,walk_cross_link,RX02,17,17.0,49,47,0.9791666666666666,1,2,True,0.1345742393661384,0.39696648192388284,0.22735986730729413,0.008838712064087165,-53.69387755102041,0.7614186982113318,0.3061224489795933
walk_01,walk_cross_link,RX02,18,18.0,49,47,0.9791666666666666,1,2,True,0.13057690299169758,0.3963739228645244,0.20778866316314487,0.018454277820688512,-53.69387755102041,0.5422583777790377,0.3061224489795933
walk_01,walk_cross_link,RX02,19,19.0,50,49,1.0,0,1,True,0.08264476836472251,0.37476197938302735,0.14372400754846465,0.011071481099450253,-53.98,0.31559467676119,0.020000000000003126
walk_01,walk_cross_link,RX02,20,20.0,50,49,1.0,0,1,True,0.05724189563691755,0.09603490828186595,0.0933634285941526,0.02175862624709119,-56.2,1.7888543819998317,2.200000000000003
walk_01,walk_cross_link,RX02,21,21.0,50,49,1.0,0,1,True,0.0929677417148491,0.37947899244534083,0.16928026119948014,0.02642344514048501,-55.12,1.8070971196922427,1.1199999999999974
walk_01,walk_cross_link,RX02,22,22.0,50,49,1.0,0,1,True,0.11575776692474155,0.38489771733744976,0.22161548134601727,0.009237061378169173,-54.04,0.5642694391866353,0.03999999999999915
walk_01,walk_cross_link,RX02,23,23.0,50,49,1.0,0,1,True,0.08267687312998737,0.3787009859898498,0.15356542966496523,0.006562333065280364,-54.1,0.6082762530298219,0.10000000000000142
walk_01,walk_cross_link,RX02,24,24.0,50,49,1.0,0,1,True,0.09180891066636108,0.3894182417100681,0.15815230982960402,0.00672333897834151,-53.8,0.529150262212918,0.20000000000000284
walk_01,walk_cross_link,RX02,25,25.0,49,47,0.9791666666666666,1,2,True,0.09610988268506374,0.38381317846125956,0.20268837082738617,0.008011649131145571,-53.89795918367347,0.6466522252144841,0.10204081632652873
walk_01,walk_cross_link,RX02,26,26.0,50,49,1.0,0,1,True,0.08040022352233622,0.3750940764547967,0.15622438303579556,0.007686123623639652,-53.86,0.6003332407921453,0.14000000000000057
walk_01,walk_cross_link,RX02,27,27.0,49,47,0.9791666666666666,1,2,True,0.11780755916344082,0.40852758824043023,0.19610720595127856,0.009377057652526201,-53.816326530612244,0.48121739275720804,0.18367346938775597
walk_01,walk_cross_link,RX02,28,28.0,50,49,1.0,0,1,True,0.10027636538026641,0.3868031003961902,0.17845858838234058,0.02387996707781203,-53.6,0.7211102550927979,0.3999999999999986
walk_01,walk_cross_link,RX02,29,29.0,50,49,1.0,0,1,True,0.09076680457800325,0.38295387512476997,0.17496481144569032,0.0077886550575401855,-53.72,0.6013318551349164,0.28000000000000114
walk_01,walk_cross_link,RX02,30,30.0,50,49,1.0,0,1,True,0.14287586201585228,0.4088137042013458,0.24272849335205215,0.0080534200009271,-54.06,1.0081666528902848,0.060000000000002274
walk_01,walk_cross_link,RX02,31,31.0,50,49,1.0,0,1,True,0.14610746295425414,0.37472928524231297,0.23277078017674677,0.008516308542482377,-53.98,0.4686149805543993,0.020000000000003126
walk_01,walk_cross_link,RX02,32,32.0,50,49,1.0,0,1,True,0.12927220258173483,0.3859310517196208,0.2105324903812324,0.011916226774431058,-53.82,0.6539113089708726,0.17999999999999972
walk_01,walk_cross_link,RX02,33,33.0,49,48,1.0,0,1,True,0.15622823320116228,0.40200584176137,0.2356932523518426,0.019033574462914083,-53.775510204081634,0.7630579222791803,0.22448979591836604
walk_01,walk_cross_link,RX02,34,34.0,50,49,1.0,0,1,True,0.1399088559971496,0.40488522955810763,0.21944601955540846,0.015463283889041063,-53.16,0.7838367176906169,0.8400000000000034
walk_01,walk_cross_link,RX02,35,35.0,50,48,0.9795918367346939,1,2,True,0.08643474215876727,0.36572475371683993,0.10316179458065897,0.026142000790854596,-56.48,1.4176036117335482,2.479999999999997
walk_01,walk_cross_link,RX02,36,36.0,48,46,0.9787234042553191,1,2,True,0.07542232060317645,0.3110628777039807,0.12676288203567593,0.026438293220913456,-58.0,0.816496580927726,4.0
walk_01,walk_cross_link,RX02,37,37.0,50,48,0.9795918367346939,1,2,True,0.09233735392460814,0.3751684655522975,0.15542555443596406,0.014006735658326852,-54.74,1.4806755215103677,0.740000000000002
walk_01,walk_cross_link,RX02,38,38.0,48,45,0.9574468085106383,2,2,True,0.11464079793534046,0.372771236688031,0.2241688005711043,0.014787704949639484,-54.020833333333336,0.6919050793923173,0.020833333333335702
walk_01,walk_cross_link,RX02,39,39.0,48,45,0.9574468085106383,2,2,True,0.12408617926334867,0.38270610469367433,0.20506514682285673,0.012939111366800505,-53.604166666666664,0.48902894142939596,0.3958333333333357
walk_01,walk_cross_link,RX02,40,40.0,46,43,0.9555555555555556,2,4,True,0.11920517028393629,0.386120487380421,0.19840944779913183,0.012344930579438182,-56.80434782608695,2.8408477394990768,2.8043478260869534
walk_01,walk_cross_link,RX02,41,41.0,47,44,0.9565217391304348,2,3,True,0.04137646523552944,0.0612384769754754,0.040466719320184474,0.033961633180029024,-58.808510638297875,1.5661077633683358,4.808510638297875
walk_01,walk_cross_link,RX02,42,42.0,50,49,1.0,0,1,True,0.08332965102332128,0.4080284307536202,0.1471678862579891,0.028887641851499272,-56.8,0.7745966692414833,2.799999999999997
walk_01,walk_cross_link,RX02,43,43.0,47,43,0.9347826086956522,3,2,True,0.08638261121476674,0.3843080592432573,0.16164695289579212,0.01837951766877355,-54.57446808510638,0.9619280472729627,0.5744680851063819
walk_01,walk_cross_link,RX02,44,44.0,50,49,1.0,0,1,True,0.1017019246665257,0.38137076720688073,0.17697487830787847,0.016524470098060934,-53.76,0.6799999999999999,0.240000000000002
walk_01,walk_cross_link,RX02,45,45.0,49,48,1.0,0,1,True,0.11465810796552518,0.3813534495409187,0.21100176583772645,0.01122926160682488,-53.89795918367347,0.6774772519468503,0.10204081632652873
walk_01,walk_cross_link,RX02,46,46.0,48,45,0.9574468085106383,2,2,True,0.10124085643522225,0.3670090913382849,0.17624837526135292,0.027619450769616343,-53.833333333333336,0.7168604389202189,0.1666666666666643
walk_01,walk_cross_link,RX02,47,47.0,49,46,0.9583333333333334,2,2,True,0.17394393173879666,0.3934566316287399,0.24665438903839135,0.022356444341821356,-54.0,0.8081220356417685,0.0
walk_01,walk_cross_link,RX02,48,48.0,49,47,0.9791666666666666,1,2,True,0.10881195813372378,0.383907304636971,0.19733720101050578,0.02593027993517003,-53.775510204081634,0.7630579222791802,0.22448979591836604
walk_01,walk_cross_link,RX02,49,49.0,47,44,0.9565217391304348,2,2,True,0.15232726980888472,0.403898874129633,0.23131514824814214,0.008873547389958632,-53.787234042553195,0.6166543296250824,0.2127659574468055
walk_02,walk_cross_link,RX01,10,10.0,49,47,0.9791666666666666,1,2,True,0.11294254681475491,0.3620788335594488,0.19889601419468,0.010592552288913667,-49.16326530612245,0.36960755665867007,0.8367346938775526
walk_02,walk_cross_link,RX01,11,11.0,50,49,1.0,0,1,True,0.07411989379281213,0.36024994505466545,0.1336230418757546,0.01169739946959235,-49.92,0.2712931993250107,0.0799999999999983
walk_02,walk_cross_link,RX01,12,12.0,50,49,1.0,0,1,True,0.09749953028813843,0.37882909300910744,0.17900314539812817,0.013330879461892792,-49.84,0.36660605559646725,0.1599999999999966
walk_02,walk_cross_link,RX01,13,13.0,50,49,1.0,0,1,True,0.11190808364633636,0.3742482355343315,0.1894950594375332,0.008686675963510516,-49.64,0.6248199740725324,0.35999999999999943
walk_02,walk_cross_link,RX01,14,14.0,41,32,0.8,8,3,False,0.05487430587332871,0.0942831645412255,0.10411192226995925,0.027601116249440224,-53.829268292682926,1.2474840831750655,3.829268292682926
walk_02,walk_cross_link,RX01,15,15.0,44,39,0.9069767441860465,4,3,True,0.09207245976406324,0.36452869546333655,0.18737185369001377,0.018886400016956,-52.56818181818182,1.6011036999055492,2.56818181818182
walk_02,walk_cross_link,RX01,16,16.0,46,41,0.9111111111111111,4,3,True,0.13451740237733148,0.383272059508391,0.22100697337567837,0.013387136188738658,-49.47826086956522,0.5800723506141885,0.5217391304347814
walk_02,walk_cross_link,RX01,17,17.0,49,47,0.9791666666666666,1,2,True,0.10348755521249463,0.3703627667033352,0.181359455221851,0.009773308910083501,-49.69387755102041,0.46088121594433534,0.3061224489795933
walk_02,walk_cross_link,RX01,18,18.0,49,47,0.9791666666666666,1,2,True,0.08912335596247295,0.37471642735311733,0.1541416598842496,0.009068974820113816,-49.775510204081634,0.4172458836787933,0.22448979591836604
walk_02,walk_cross_link,RX01,19,19.0,50,49,1.0,0,1,True,0.06816934682113825,0.11798320268900478,0.09974084540041489,0.008594367989583261,-49.8,0.4,0.20000000000000284
walk_02,walk_cross_link,RX01,20,20.0,49,47,0.9791666666666666,1,2,True,0.14837132510226533,0.38052678479211954,0.24742236859300776,0.012762332073057244,-49.51020408163265,0.499895865874118,0.48979591836734926
walk_02,walk_cross_link,RX01,21,21.0,47,43,0.9347826086956522,3,2,True,0.10159866010564278,0.38405909122510556,0.17335159517021598,0.01224455224367002,-49.51063829787234,0.5407772351973973,0.4893617021276597
walk_02,walk_cross_link,RX01,22,22.0,50,49,1.0,0,1,True,0.11490053616767992,0.3899232952914989,0.21127737509006722,0.01607045356585725,-49.36,0.48,0.6400000000000006
walk_02,walk_cross_link,RX01,23,23.0,48,45,0.9574468085106383,2,2,True,0.05452926819605515,0.07291433174325948,0.0906988910086705,0.01128021908734428,-49.333333333333336,0.4714045207910317,0.6666666666666643
walk_02,walk_cross_link,RX01,24,24.0,50,49,1.0,0,1,True,0.10926516188895061,0.3589674133408433,0.18870028034809994,0.011317954594100935,-49.26,1.0919706955774957,0.740000000000002
walk_02,walk_cross_link,RX01,25,25.0,48,45,0.9574468085106383,2,2,True,0.10412770901196951,0.37702324365443945,0.1579295278001357,0.03482683139997154,-53.604166666666664,1.3187681015082051,3.6041666666666643
walk_02,walk_cross_link,RX01,26,26.0,49,47,0.9791666666666666,1,2,True,0.12047676314680383,0.3800578893751849,0.1997832081857111,0.010471919063879126,-51.04081632653061,1.5773807231787427,1.04081632653061
walk_02,walk_cross_link,RX01,27,27.0,50,49,1.0,0,1,True,0.12345257880340568,0.378440641189048,0.20383033571618409,0.011514348533655403,-50.1,0.3605551275463989,0.10000000000000142
walk_02,walk_cross_link,RX01,28,28.0,49,47,0.9791666666666666,1,2,True,0.11969283676995945,0.3846553715084553,0.19244658396662545,0.012263468730861376,-49.87755102040816,0.32780364090222475,0.12244897959183731
walk_02,walk_cross_link,RX01,29,29.0,50,49,1.0,0,1,True,0.04545162793239754,0.07933811583784833,0.019547680366601643,0.013263770601956099,-49.12,0.3815756805667783,0.8800000000000026
walk_02,walk_cross_link,RX01,30,30.0,50,49,1.0,0,1,True,0.19879464383072795,0.3817893977773842,0.27172889573943354,0.014206199792434255,-49.66,1.0316976301223144,0.3400000000000034
walk_02,walk_cross_link,RX01,31,31.0,48,45,0.9574468085106383,2,2,True,0.0966137743902001,0.3627192029345681,0.1774683894678086,0.00805844076619002,-50.041666666666664,0.2856522750167102,0.0416666666666643
walk_02,walk_cross_link,RX01,32,32.0,49,47,0.9791666666666666,1,2,True,0.1454022022064101,0.37592800504335055,0.23458128685170115,0.01630343582625174,-50.02040816326531,0.6848147647168374,0.020408163265308588
walk_02,walk_cross_link,RX01,33,33.0,49,47,0.9791666666666666,1,2,True,0.10518580874460823,0.36521549582534546,0.17429992304125883,0.014857227190068418,-51.46938775510204,2.3395624989259582,1.4693877551020407
walk_02,walk_cross_link,RX01,34,34.0,49,47,0.9791666666666666,1,2,True,0.10966450670439308,0.3786764163261002,0.1764330829490927,0.04011627258526721,-53.673469387755105,1.5957565552918052,3.6734693877551052
walk_02,walk_cross_link,RX01,35,35.0,49,47,0.9791666666666666,1,2,True,0.10003792452381757,0.3748831011228229,0.1741220041192899,0.0048279049037498875,-49.40816326530612,0.8787367404739178,0.591836734693878
walk_02,walk_cross_link,RX01,36,36.0,50,49,1.0,0,1,True,0.07714937742518752,0.3466899963968475,0.12995547849986228,0.00916506722001014,-49.26,0.4386342439892262,0.740000000000002
walk_02,walk_cross_link,RX01,37,37.0,50,49,1.0,0,1,True,0.046043919867887556,0.07092324787902923,0.027160944193603466,0.00867556895098033,-49.88,0.32496153618543844,0.11999999999999744
walk_02,walk_cross_link,RX01,38,38.0,50,49,1.0,0,1,True,0.09490754117312249,0.3768165278451236,0.1697414560974233,0.010120809749312185,-49.44,0.4963869458396343,0.5600000000000023
walk_02,walk_cross_link,RX01,39,39.0,50,49,1.0,0,1,True,0.10009211362410289,0.3646836472500728,0.1698806878536587,0.0089138479418088,-49.68,0.466476151587624,0.3200000000000003
walk_02,walk_cross_link,RX01,40,40.0,50,49,1.0,0,1,True,0.13357133864036197,0.37649175524827383,0.218105846298404,0.011050495317618595,-49.36,0.48,0.6400000000000006
walk_02,walk_cross_link,RX01,41,41.0,50,49,1.0,0,1,True,0.12826752605173783,0.3852639145504369,0.20885171120885895,0.009759093116013058,-49.56,0.4963869458396343,0.4399999999999977
walk_02,walk_cross_link,RX01,42,42.0,50,49,1.0,0,1,True,0.11387304264032157,0.3748412357276513,0.1971690047320719,0.011905924081701722,-49.3,0.458257569495584,0.7000000000000028
walk_02,walk_cross_link,RX01,43,43.0,49,47,0.9791666666666666,1,2,True,0.08920125088812825,0.3817199294430071,0.16038566559149303,0.007944432193618733,-49.48979591836735,0.499895865874118,0.5102040816326507
walk_02,walk_cross_link,RX01,44,44.0,50,49,1.0,0,1,True,0.09782046655958934,0.37391499548740265,0.17232191648732348,0.007731008585983583,-49.18,0.7922120928135344,0.8200000000000003
walk_02,walk_cross_link,RX01,45,45.0,49,47,0.9791666666666666,1,2,True,0.10477815338767399,0.3515190155054883,0.1655042648984966,0.041589741574245324,-52.95918367346939,2.137700306150775,2.95918367346939
walk_02,walk_cross_link,RX01,46,46.0,49,47,0.9791666666666666,1,2,True,0.08084924373028403,0.37062226409515486,0.16083799383548436,0.014151086103767873,-52.08163265306123,1.6267751333371128,2.0816326530612272
walk_02,walk_cross_link,RX01,47,47.0,50,49,1.0,0,1,True,0.10342839159373174,0.3832761161900112,0.17588941298637628,0.010722047974512665,-49.56,0.4963869458396343,0.4399999999999977
walk_02,walk_cross_link,RX01,48,48.0,49,47,0.9791666666666666,1,2,True,0.09683439783261076,0.3579346842687649,0.1694954798401791,0.01125108917084463,-50.04081632653061,0.34753849726380415,0.04081632653061007
walk_02,walk_cross_link,RX01,49,49.0,50,49,1.0,0,1,True,0.11868287118465765,0.38666999956799886,0.200781823611556,0.008742445476689531,-49.84,0.36660605559646725,0.1599999999999966
walk_02,walk_cross_link,RX02,10,10.0,50,49,1.0,0,1,True,0.1113666408123713,0.3727214070465302,0.18783138451485748,0.007973751509692093,-53.64,0.5919459434779497,0.35999999999999943
walk_02,walk_cross_link,RX02,11,11.0,49,47,0.9791666666666666,1,2,True,0.10169642145531993,0.37793825725361246,0.17401931910562218,0.020857554553190546,-53.857142857142854,0.8081220356417685,0.1428571428571459
walk_02,walk_cross_link,RX02,12,12.0,50,49,1.0,0,1,True,0.10913898344838464,0.39085083564045253,0.19009891263081474,0.007483645379040883,-53.78,0.5015974481593781,0.21999999999999886
walk_02,walk_cross_link,RX02,13,13.0,49,47,0.9791666666666666,1,2,True,0.10617732987801996,0.3892142343358326,0.17687817914010812,0.010208984749612782,-53.93877551020408,0.6196827122730194,0.06122448979591866
walk_02,walk_cross_link,RX02,14,14.0,49,47,0.9791666666666666,1,2,True,0.16540840149343855,0.40553535171226307,0.2539863476377722,0.012046897330430293,-53.816326530612244,0.6600392501549481,0.18367346938775597
walk_02,walk_cross_link,RX02,15,15.0,47,44,0.9565217391304348,2,3,True,0.13074315515963383,0.3724767945524156,0.2042757334013286,0.010806916510581611,-54.0,0.8991721961325718,0.0
walk_02,walk_cross_link,RX02,16,16.0,48,45,0.9574468085106383,2,2,True,0.19532526493741303,0.40472190044127115,0.2981593861639994,0.00895883549050173,-53.395833333333336,0.8597379284151396,0.6041666666666643
walk_02,walk_cross_link,RX02,17,17.0,50,49,1.0,0,1,True,0.0739775736859243,0.3747257674672987,0.15543551247204768,0.04170252568877595,-57.54,1.1867602959317438,3.539999999999999
walk_02,walk_cross_link,RX02,18,18.0,47,43,0.9347826086956522,3,2,True,0.09887560849910519,0.38679103234999473,0.1816467008759508,0.031003025122351483,-56.40425531914894,1.065105617939049,2.4042553191489375
walk_02,walk_cross_link,RX02,19,19.0,49,47,0.9791666666666666,1,2,True,0.11071961179292178,0.3862313876051812,0.1920070165887896,0.018049309134981113,-55.12244897959184,2.163072767712017,1.1224489795918373
walk_02,walk_cross_link,RX02,20,20.0,49,47,0.9791666666666666,1,2,True,0.08069207030266035,0.38118349621803965,0.13434447036348043,0.015197819654592576,-54.08163265306123,0.7515082710008967,0.08163265306122724
walk_02,walk_cross_link,RX02,21,21.0,48,45,0.9574468085106383,2,2,True,0.0668658345366565,0.07664115798184648,0.07606327502005278,0.05453357405545451,-58.541666666666664,1.767275838370708,4.541666666666664
walk_02,walk_cross_link,RX02,22,22.0,50,49,1.0,0,1,True,0.05895608287422199,0.0763065878835037,0.09687637198049173,0.024319044113273913,-57.8,0.565685424949238,3.799999999999997
walk_02,walk_cross_link,RX02,23,23.0,47,44,0.9565217391304348,2,2,True,0.12566073202961833,0.407156270733034,0.2140702686893673,0.020907198785680293,-56.12765957446808,1.1035151046714842,2.1276595744680833
walk_02,walk_cross_link,RX02,24,24.0,50,49,1.0,0,1,True,0.11523119164075399,0.3959886651428714,0.20857515630694914,0.017710223719599526,-54.2,0.565685424949238,0.20000000000000284
walk_02,walk_cross_link,RX02,25,25.0,48,45,0.9574468085106383,2,2,True,0.12376796354210992,0.39357544949352347,0.20797993114708688,0.007164242724544137,-53.708333333333336,0.6441510347391795,0.2916666666666643
walk_02,walk_cross_link,RX02,26,26.0,47,44,0.9565217391304348,2,2,True,0.149472885492293,0.40962511592719025,0.23927954345963387,0.018483279900444585,-53.808510638297875,0.6728250340783786,0.19148936170212494
walk_02,walk_cross_link,RX02,27,27.0,49,47,0.9791666666666666,1,2,True,0.1291868668513827,0.37580972834963167,0.22464813071299922,0.01200173513204724,-54.04081632653061,0.7813954987378224,0.04081632653061007
walk_02,walk_cross_link,RX02,28,28.0,48,45,0.9574468085106383,2,2,True,0.11428870190329724,0.3899049560662566,0.19907242534739028,0.008395867106325762,-53.770833333333336,0.6531839752746201,0.2291666666666643
walk_02,walk_cross_link,RX02,29,29.0,50,49,1.0,0,1,True,0.07213479178993401,0.36478668852663065,0.129703943666663,0.023552621717694698,-53.66,0.6514598989960932,0.3400000000000034
walk_02,walk_cross_link,RX02,30,30.0,49,47,0.9791666666666666,1,2,True,0.1067187330949319,0.3835824589327444,0.1948928250898199,0.011079822884227356,-53.714285714285715,0.7284313590846834,0.2857142857142847
walk_02,walk_cross_link,RX02,31,31.0,49,47,0.9791666666666666,1,2,True,0.1448425040301262,0.3880827226500156,0.22513643151364227,0.009991834813997132,-53.755102040816325,0.4300266837899077,0.24489795918367463
walk_02,walk_cross_link,RX02,32,32.0,48,45,0.9574468085106383,2,2,True,0.14450226993854048,0.39397531296409033,0.22711767779110653,0.007952407003405172,-53.875,0.4389855730355308,0.125
walk_02,walk_cross_link,RX02,33,33.0,47,43,0.9347826086956522,3,2,True,0.10559301563649445,0.35892039137921916,0.17903087800888645,0.008153583529976747,-53.787234042553195,0.6166543296250826,0.2127659574468055
walk_02,walk_cross_link,RX02,34,34.0,50,49,1.0,0,1,True,0.1361455865635888,0.3872253033547828,0.22834653295923102,0.027434128630520634,-54.08,0.5946427498927402,0.0799999999999983
walk_02,walk_cross_link,RX02,35,35.0,49,47,0.9791666666666666,1,2,True,0.05343475408080265,0.08609580784248506,0.0918838231637437,0.024783150244628047,-56.16326530612245,2.0136973687418793,2.1632653061224474
walk_02,walk_cross_link,RX02,36,36.0,48,45,0.9574468085106383,2,2,True,0.0670818585446569,0.159729394935336,0.10432108938920538,0.02085243143474293,-58.291666666666664,0.5758447900452188,4.291666666666664
walk_02,walk_cross_link,RX02,37,37.0,48,45,0.9574468085106383,2,2,True,0.039863054252132005,0.07348586657594972,0.025838513025504932,0.020897679151157072,-57.229166666666664,0.9407351587396364,3.2291666666666643
walk_02,walk_cross_link,RX02,38,38.0,50,49,1.0,0,1,True,0.06020305107302168,0.09100366318435492,0.09309043027611058,0.02202961173428729,-55.02,1.318938967503804,1.0200000000000031
walk_02,walk_cross_link,RX02,39,39.0,48,45,0.9574468085106383,2,2,True,0.09066527121739501,0.4066364378485527,0.1632942617240797,0.01952844876181301,-53.854166666666664,0.6766825737046548,0.1458333333333357
walk_02,walk_cross_link,RX02,40,40.0,50,49,1.0,0,1,True,0.0766989646550986,0.3752543202506935,0.12056304102786253,0.010217190616908246,-53.74,0.6575712889109439,0.259999999999998
walk_02,walk_cross_link,RX02,41,41.0,48,45,0.9574468085106383,2,2,True,0.08619085405171983,0.3698438745012272,0.13628647534788105,0.013651370969100584,-54.770833333333336,1.7228801386696122,0.7708333333333357
walk_02,walk_cross_link,RX02,42,42.0,48,45,0.9574468085106383,2,2,True,0.05595586155730379,0.08428089841669872,0.09574453207941955,0.04351913139937738,-58.145833333333336,1.4718127050983385,4.145833333333336
walk_02,walk_cross_link,RX02,43,43.0,48,45,0.9574468085106383,2,2,True,0.04681627219288603,0.08777361367590618,0.03383484361340654,0.03365695348455789,-56.895833333333336,1.2117408849346556,2.8958333333333357
walk_02,walk_cross_link,RX02,44,44.0,48,45,0.9574468085106383,2,2,True,0.11266805331292261,0.39529928934738173,0.19501514038792883,0.031455834755928565,-54.5,0.8660254037844386,0.5
walk_02,walk_cross_link,RX02,45,45.0,50,49,1.0,0,1,True,0.16899277764010873,0.4103467951698062,0.2548729966884506,0.0160296600868518,-54.16,1.2059850745345069,0.1599999999999966
walk_02,walk_cross_link,RX02,46,46.0,49,47,0.9791666666666666,1,2,True,0.14642883748991065,0.40490895046957376,0.23593172429218068,0.008774100498120486,-54.265306122448976,0.663186808541711,0.2653061224489761
walk_02,walk_cross_link,RX02,47,47.0,49,47,0.9791666666666666,1,2,True,0.15707218561465922,0.39203602584271896,0.2550378958839252,0.008911472919042861,-53.89795918367347,0.5437923507948664,0.10204081632652873
walk_02,walk_cross_link,RX02,48,48.0,49,47,0.9791666666666666,1,2,True,0.07361052795404203,0.37524080557961165,0.1337798680476136,0.011518401544721144,-53.673469387755105,0.6511451483079108,0.32653061224489477
walk_02,walk_cross_link,RX02,49,49.0,49,47,0.9791666666666666,1,2,True,0.10576139782987479,0.3994044664653752,0.17309924490009054,0.02373483890262854,-53.53061224489796,0.6421278662266234,0.46938775510204067
